"id","name","score","character","appointment","history","stickiness","relations","analyze"
1762380,"abc",710,0.92,0.84,0.7,0.81,0.68,NULL
1593184,"abc",700,0.68,0.84,0.7,0.81,0.8,NULL
943837,"abc",700,0.68,0.84,0.7,0.81,0.8,NULL
1753606,"abc",692,0.68,0.84,0.7,0.81,0.8,NULL
262525,"abc",691,0.816,0.72,0.7,0.81,0.76,NULL
1045224,"abc",688,0.68,0.84,0.7,0.81,0.8,NULL
686854,"abc",687,0.96,0.77,0.6,0.81,0.78,NULL
418052,"abc",685,0.68,0.84,0.7,0.81,0.8,NULL
566880,"abc",681,0.68,0.84,0.7,0.81,0.8,NULL
1748491,"abc",680,0.68,0.84,0.7,0.81,0.8,NULL
1661815,"abc",680,0.68,0.84,0.7,0.81,0.8,NULL
416788,"abc",679,0.9344,0.77,0.6,0.81,0.78,NULL
439309,"abc",675,0.8672,0.77,0.6,0.81,0.66,NULL
250485,"abc",673,0.7392,0.72,0.7,0.81,0.76,NULL
379271,"abc",669,0.88,0.77,0.6,0.81,0.66,NULL
251375,"abc",668,0.8416,0.77,0.6,0.81,0.66,NULL
622019,"abc",667,0.8288,0.77,0.6,0.81,0.66,NULL
169206,"abc",667,0.8288,0.77,0.6,0.81,0.66,NULL
1651642,"abc",665,0.68,0.84,0.7,0.81,0.8,NULL
626527,"abc",663,0.8416,0.77,0.6,0.81,0.66,NULL
727882,"abc",662,0.9088,0.77,0.6,0.57,0.78,NULL
377883,"abc",661,0.64,0.77,0.6,0.81,0.78,NULL
632178,"abc",661,0.64,0.77,0.6,0.81,0.78,NULL
1760773,"abc",660,0.64,0.77,0.6,0.81,0.78,NULL
1669933,"abc",660,0.7264,0.84,0.7,0.81,0.62,NULL
815281,"abc",660,0.68,0.84,0.7,0.81,0.8,NULL
644553,"abc",660,0.68,0.84,0.7,0.57,0.8,NULL
623842,"abc",660,0.8672,0.77,0.6,0.81,0.66,NULL
1678149,"abc",659,0.64,0.77,0.6,0.81,0.78,NULL
1673580,"abc",658,0.68,0.84,0.7,0.81,0.8,NULL
136821,"abc",658,0.64,0.77,0.6,0.81,0.78,NULL
1720231,"abc",658,0.64,0.77,0.6,0.81,0.78,NULL
1763248,"abc",655,0.64,0.77,0.6,0.81,0.78,NULL
1855541,"abc",654,0.736,0.72,0.7,0.81,0.64,NULL
1640702,"abc",654,0.64,0.77,0.6,0.81,0.78,NULL
893013,"abc",653,0.9088,0.77,0.6,0.57,0.78,NULL
130926,"abc",653,0.8144,0.65,0.6,0.81,0.74,NULL
556669,"abc",652,0.64,0.77,0.6,0.81,0.78,NULL
1549535,"abc",652,0.64,0.77,0.6,0.81,0.78,NULL
382451,"abc",652,0.64,0.77,0.6,0.81,0.78,NULL
1817390,"abc",651,0.64,0.77,0.6,0.81,0.78,NULL
1750458,"abc",651,0.56,0.72,0.7,0.81,0.76,NULL
1182622,"abc",650,0.56,0.72,0.7,0.81,0.76,NULL
1180921,"abc",650,0.68,0.84,0.7,0.57,0.8,NULL
557462,"abc",649,0.64,0.77,0.6,0.81,0.78,NULL
418875,"abc",648,0.64,0.77,0.6,0.81,0.78,NULL
1641799,"abc",648,0.7904,0.77,0.6,0.81,0.66,NULL
1598314,"abc",648,0.6,0.84,0.7,0.81,0.68,NULL
522603,"abc",648,0.8304,0.84,0.7,0.57,0.68,NULL
132488,"abc",648,0.776,0.65,0.6,0.81,0.74,NULL
1649041,"abc",648,0.6,0.84,0.7,0.81,0.68,NULL
1616467,"abc",647,0.8272,0.65,0.6,0.81,0.74,NULL
1651592,"abc",647,0.64,0.77,0.6,0.81,0.78,NULL
1784047,"abc",647,0.6,0.84,0.7,0.81,0.68,NULL
1594294,"abc",646,0.64,0.77,0.6,0.81,0.78,NULL
495968,"abc",645,0.64,0.77,0.6,0.81,0.78,NULL
566453,"abc",645,0.64,0.77,0.6,0.81,0.78,NULL
1825636,"abc",644,0.7632,0.65,0.6,0.81,0.74,NULL
1636039,"abc",644,0.64,0.77,0.6,0.81,0.78,NULL
258504,"abc",644,0.8416,0.77,0.6,0.81,0.66,NULL
1716461,"abc",644,0.64,0.77,0.6,0.81,0.78,NULL
1750819,"abc",643,0.56,0.72,0.7,0.81,0.76,NULL
1655751,"abc",643,0.56,0.72,0.7,0.81,0.76,NULL
372234,"abc",642,0.56,0.72,0.7,0.81,0.76,NULL
1648738,"abc",642,0.56,0.72,0.7,0.81,0.76,NULL
1661065,"abc",642,0.84,0.65,0.6,0.81,0.74,NULL
462240,"abc",642,0.7888,0.77,0.6,0.81,0.6,NULL
170588,"abc",641,0.64,0.77,0.6,0.81,0.78,NULL
1775266,"abc",641,0.6,0.84,0.7,0.81,0.68,NULL
168107,"abc",641,0.64,0.77,0.6,0.81,0.78,NULL
417210,"abc",641,0.7504,0.65,0.6,0.81,0.74,NULL
1658857,"abc",641,0.6,0.84,0.7,0.81,0.68,NULL
1722352,"abc",641,0.8672,0.77,0.6,0.81,0.66,NULL
423856,"abc",640,0.56,0.72,0.7,0.81,0.76,NULL
1753084,"abc",640,0.56,0.72,0.7,0.81,0.76,NULL
434109,"abc",639,0.64,0.77,0.6,0.81,0.78,NULL
554967,"abc",639,0.56,0.72,0.7,0.81,0.76,NULL
560168,"abc",638,0.56,0.72,0.7,0.81,0.76,NULL
1632743,"abc",638,0.64,0.77,0.6,0.81,0.78,NULL
1811124,"abc",637,0.64,0.77,0.6,0.81,0.78,NULL
686518,"abc",637,0.64,0.77,0.6,0.81,0.78,NULL
380358,"abc",637,0.64,0.77,0.6,0.81,0.78,NULL
1661185,"abc",636,0.6,0.84,0.7,0.81,0.68,NULL
108631,"abc",636,0.88,0.77,0.6,0.57,0.66,NULL
1618829,"abc",636,0.752,0.77,0.6,0.81,0.66,NULL
1647009,"abc",636,0.56,0.72,0.7,0.81,0.76,NULL
1762834,"abc",635,0.56,0.72,0.7,0.81,0.76,NULL
1592120,"abc",635,0.8,0.72,0.7,0.81,0.64,NULL
835639,"abc",634,0.6976,0.72,0.7,0.81,0.64,NULL
430457,"abc",634,0.76,0.65,0.6,0.81,0.62,NULL
886241,"abc",634,0.8672,0.77,0.6,0.57,0.66,NULL
1746919,"abc",634,0.5696,0.72,0.7,0.81,0.64,NULL
751888,"abc",633,0.96,0.77,0.6,0.57,0.78,NULL
1822006,"abc",633,0.64,0.77,0.6,0.81,0.78,NULL
1189718,"abc",633,0.7296,0.77,0.6,0.57,0.78,NULL
1063020,"abc",633,0.7136,0.84,0.7,0.81,0.62,NULL
125636,"abc",632,0.64,0.77,0.6,0.81,0.78,NULL
1761262,"abc",632,0.64,0.77,0.6,0.81,0.78,NULL
1720075,"abc",631,0.64,0.77,0.6,0.81,0.78,NULL
606968,"abc",631,0.64,0.77,0.6,0.81,0.78,NULL
169398,"abc",630,0.7904,0.77,0.6,0.81,0.66,NULL
554492,"abc",630,0.64,0.77,0.6,0.81,0.78,NULL
144520,"abc",629,0.8144,0.77,0.6,0.81,0.6,NULL
1765078,"abc",629,0.7472,0.65,0.6,0.81,0.62,NULL
921106,"abc",628,0.6,0.84,0.7,0.81,0.68,NULL
986982,"abc",628,0.7344,0.65,0.6,0.81,0.62,NULL
638916,"abc",628,0.6256,0.84,0.7,0.57,0.68,NULL
144134,"abc",627,0.7904,0.77,0.6,0.81,0.66,NULL
525637,"abc",627,0.6896,0.84,0.7,0.57,0.68,NULL
135376,"abc",627,0.56,0.77,0.6,0.81,0.66,NULL
462131,"abc",626,0.64,0.77,0.6,0.81,0.78,NULL
125248,"abc",626,0.84,0.65,0.6,0.81,0.74,NULL
1769292,"abc",626,0.56,0.72,0.7,0.81,0.76,NULL
1714640,"abc",626,0.56,0.72,0.7,0.81,0.76,NULL
623583,"abc",626,0.6,0.84,0.7,0.81,0.68,NULL
138543,"abc",625,0.7344,0.65,0.6,0.81,0.62,NULL
1760563,"abc",625,0.64,0.77,0.6,0.81,0.78,NULL
127339,"abc",625,0.64,0.77,0.6,0.81,0.78,NULL
1724809,"abc",625,0.56,0.84,0.7,0.81,0.62,NULL
1174032,"abc",624,0.8416,0.77,0.6,0.57,0.66,NULL
612887,"abc",624,0.64,0.77,0.6,0.81,0.78,NULL
423552,"abc",624,0.64,0.77,0.6,0.81,0.78,NULL
1065664,"abc",624,0.6624,0.77,0.6,0.81,0.66,NULL
891853,"abc",624,0.816,0.77,0.6,0.57,0.66,NULL
447700,"abc",624,0.6,0.84,0.7,0.57,0.68,NULL
647411,"abc",624,0.8,0.72,0.7,0.57,0.64,NULL
564734,"abc",624,0.64,0.77,0.6,0.81,0.78,NULL
1659924,"abc",623,0.6112,0.77,0.6,0.81,0.66,NULL
892726,"abc",623,0.6,0.84,0.7,0.57,0.68,NULL
1783385,"abc",623,0.64,0.77,0.6,0.81,0.78,NULL
900707,"abc",623,0.6,0.84,0.7,0.57,0.68,NULL
963453,"abc",623,0.56,0.77,0.6,0.81,0.66,NULL
902285,"abc",623,0.8672,0.77,0.6,0.57,0.66,NULL
1635750,"abc",623,0.64,0.77,0.6,0.81,0.78,NULL
636903,"abc",623,0.6,0.84,0.7,0.57,0.68,NULL
1822990,"abc",622,0.56,0.77,0.6,0.81,0.66,NULL
1675127,"abc",622,0.56,0.77,0.6,0.81,0.66,NULL
130508,"abc",622,0.56,0.77,0.6,0.81,0.66,NULL
1760759,"abc",622,0.64,0.77,0.6,0.81,0.78,NULL
638499,"abc",621,0.8016,0.65,0.6,0.81,0.74,NULL
429609,"abc",621,0.56,0.77,0.6,0.81,0.66,NULL
262389,"abc",621,0.6736,0.65,0.6,0.81,0.74,NULL
795942,"abc",620,0.7616,0.72,0.7,0.57,0.64,NULL
817230,"abc",620,0.56,0.77,0.6,0.81,0.66,NULL
966739,"abc",620,0.8144,0.65,0.6,0.81,0.74,NULL
782717,"abc",620,0.64,0.77,0.6,0.57,0.78,NULL
935564,"abc",620,0.736,0.72,0.7,0.81,0.64,NULL
250515,"abc",620,0.7104,0.72,0.7,0.81,0.64,NULL
1816758,"abc",620,0.7472,0.65,0.6,0.81,0.62,NULL
1767863,"abc",620,0.56,0.72,0.7,0.81,0.76,NULL
1763321,"abc",620,0.56,0.72,0.7,0.81,0.76,NULL
190995,"abc",619,0.8144,0.65,0.6,0.57,0.74,NULL
1052284,"abc",619,0.8288,0.77,0.6,0.57,0.66,NULL
1644674,"abc",619,0.56,0.72,0.7,0.81,0.76,NULL
686561,"abc",619,0.64,0.77,0.6,0.81,0.78,NULL
1564932,"abc",618,0.48,0.72,0.7,0.81,0.64,NULL
918045,"abc",618,0.6,0.84,0.7,0.57,0.68,NULL
837175,"abc",618,0.56,0.77,0.6,0.81,0.66,NULL
1761872,"abc",618,0.56,0.72,0.7,0.81,0.76,NULL
1176172,"abc",618,0.7904,0.77,0.6,0.57,0.66,NULL
1724052,"abc",618,0.64,0.77,0.6,0.81,0.78,NULL
1639735,"abc",617,0.56,0.77,0.6,0.81,0.66,NULL
941145,"abc",617,0.6832,0.65,0.6,0.81,0.62,NULL
1834669,"abc",617,0.6832,0.65,0.6,0.81,0.62,NULL
881591,"abc",617,0.6,0.84,0.7,0.57,0.68,NULL
918722,"abc",617,0.8544,0.77,0.6,0.57,0.66,NULL
764927,"abc",617,0.64,0.77,0.6,0.57,0.78,NULL
773259,"abc",616,0.8288,0.77,0.6,0.57,0.66,NULL
1595305,"abc",616,0.48,0.72,0.7,0.81,0.64,NULL
138489,"abc",616,0.7088,0.65,0.6,0.81,0.62,NULL
1630796,"abc",615,0.56,0.77,0.6,0.81,0.66,NULL
1668503,"abc",615,0.56,0.77,0.6,0.81,0.66,NULL
18372,"abc",615,0.7216,0.65,0.6,0.81,0.62,NULL
900868,"abc",614,0.6,0.84,0.7,0.57,0.68,NULL
1046152,"abc",614,0.696,0.65,0.6,0.81,0.62,NULL
1617043,"abc",614,0.56,0.77,0.6,0.81,0.66,NULL
773027,"abc",614,0.6,0.84,0.7,0.57,0.68,NULL
555196,"abc",614,0.56,0.72,0.7,0.81,0.76,NULL
555772,"abc",614,0.7072,0.65,0.6,0.81,0.56,NULL
1721085,"abc",614,0.52,0.65,0.6,0.81,0.74,NULL
1562663,"abc",613,0.52,0.65,0.6,0.81,0.74,NULL
1629235,"abc",613,0.56,0.77,0.6,0.81,0.66,NULL
1188948,"abc",613,0.64,0.77,0.6,0.57,0.78,NULL
169359,"abc",613,0.52,0.65,0.6,0.81,0.74,NULL
553913,"abc",613,0.52,0.65,0.6,0.81,0.74,NULL
1831130,"abc",613,0.48,0.72,0.7,0.81,0.64,NULL
1720045,"abc",613,0.52,0.65,0.6,0.81,0.74,NULL
1825605,"abc",612,0.624,0.77,0.6,0.81,0.66,NULL
1666640,"abc",612,0.56,0.77,0.6,0.81,0.66,NULL
1726819,"abc",612,0.56,0.72,0.7,0.81,0.76,NULL
1670505,"abc",612,0.56,0.77,0.6,0.81,0.66,NULL
1760378,"abc",612,0.48,0.72,0.7,0.81,0.64,NULL
21917,"abc",612,0.52,0.65,0.6,0.81,0.74,NULL
1715890,"abc",612,0.52,0.65,0.6,0.81,0.74,NULL
129202,"abc",612,0.52,0.65,0.6,0.81,0.74,NULL
1716418,"abc",612,0.52,0.65,0.6,0.81,0.74,NULL
1515461,"abc",612,0.56,0.77,0.6,0.81,0.66,NULL
1552184,"abc",611,0.6448,0.65,0.6,0.81,0.62,NULL
481899,"abc",611,0.52,0.77,0.6,0.81,0.6,NULL
624031,"abc",611,0.56,0.77,0.6,0.81,0.66,NULL
566542,"abc",610,0.52,0.65,0.6,0.81,0.74,NULL
788025,"abc",610,0.56,0.72,0.7,0.57,0.76,NULL
1657452,"abc",610,0.6832,0.65,0.6,0.81,0.62,NULL
381113,"abc",610,0.52,0.65,0.6,0.81,0.74,NULL
1762534,"abc",610,0.56,0.72,0.7,0.81,0.76,NULL
933104,"abc",610,0.696,0.65,0.6,0.81,0.62,NULL
1647121,"abc",609,0.6624,0.77,0.6,0.81,0.66,NULL
425753,"abc",609,0.52,0.65,0.6,0.81,0.74,NULL
763375,"abc",609,0.64,0.77,0.6,0.57,0.78,NULL
1186074,"abc",608,0.8272,0.77,0.6,0.57,0.6,NULL
1598238,"abc",608,0.56,0.77,0.6,0.81,0.66,NULL
940084,"abc",608,0.56,0.72,0.7,0.81,0.76,NULL
441221,"abc",608,0.8416,0.77,0.6,0.57,0.66,NULL
265134,"abc",608,0.6704,0.65,0.6,0.81,0.62,NULL
1514734,"abc",608,0.52,0.65,0.6,0.81,0.74,NULL
931832,"abc",608,0.56,0.77,0.6,0.81,0.66,NULL
869374,"abc",608,0.688,0.77,0.6,0.57,0.66,NULL
1769515,"abc",607,0.52,0.65,0.6,0.81,0.74,NULL
1771821,"abc",607,0.5728,0.77,0.6,0.81,0.66,NULL
149324,"abc",607,0.52,0.65,0.6,0.81,0.74,NULL
728403,"abc",607,0.7872,0.72,0.7,0.57,0.64,NULL
658272,"abc",607,0.7472,0.65,0.6,0.81,0.62,NULL
690332,"abc",607,0.584,0.65,0.6,0.81,0.74,NULL
798884,"abc",607,0.8144,0.65,0.6,0.57,0.74,NULL
915633,"abc",607,0.56,0.72,0.7,0.57,0.76,NULL
176917,"abc",606,0.52,0.65,0.6,0.81,0.74,NULL
1613654,"abc",606,0.56,0.77,0.6,0.81,0.66,NULL
887910,"abc",606,0.8032,0.77,0.6,0.57,0.66,NULL
1672301,"abc",606,0.56,0.77,0.6,0.81,0.66,NULL
1594488,"abc",606,0.48,0.72,0.7,0.81,0.64,NULL
1594770,"abc",606,0.52,0.65,0.6,0.81,0.74,NULL
483285,"abc",606,0.64,0.77,0.6,0.57,0.78,NULL
1674720,"abc",606,0.52,0.65,0.6,0.81,0.74,NULL
1610208,"abc",606,0.56,0.77,0.6,0.81,0.66,NULL
1680142,"abc",605,0.48,0.72,0.7,0.81,0.64,NULL
965139,"abc",605,0.6704,0.65,0.6,0.81,0.62,NULL
548956,"abc",605,0.8144,0.77,0.6,0.57,0.6,NULL
1579109,"abc",605,0.6,0.84,0.7,0.57,0.68,NULL
1617518,"abc",605,0.5696,0.72,0.7,0.81,0.64,NULL
913300,"abc",605,0.7904,0.77,0.6,0.57,0.66,NULL
1061298,"abc",605,0.56,0.77,0.6,0.81,0.66,NULL
907445,"abc",605,0.52,0.65,0.6,0.81,0.74,NULL
565700,"abc",605,0.52,0.65,0.6,0.81,0.74,NULL
431604,"abc",605,0.7264,0.77,0.6,0.57,0.66,NULL
19477,"abc",604,0.5936,0.65,0.6,0.81,0.62,NULL
1514556,"abc",604,0.7472,0.65,0.6,0.81,0.62,NULL
495216,"abc",604,0.7136,0.77,0.6,0.57,0.66,NULL
427143,"abc",604,0.64,0.77,0.6,0.57,0.78,NULL
1178256,"abc",604,0.8416,0.77,0.6,0.57,0.66,NULL
1594513,"abc",604,0.48,0.72,0.7,0.81,0.64,NULL
1590442,"abc",604,0.6,0.84,0.7,0.57,0.68,NULL
580799,"abc",604,0.52,0.65,0.6,0.81,0.74,NULL
481768,"abc",604,0.6,0.84,0.7,0.57,0.68,NULL
688361,"abc",604,0.72,0.65,0.6,0.81,0.56,NULL
640277,"abc",603,0.7344,0.65,0.6,0.81,0.62,NULL
1641553,"abc",603,0.56,0.77,0.6,0.81,0.66,NULL
819564,"abc",603,0.48,0.72,0.7,0.81,0.64,NULL
748739,"abc",603,0.56,0.72,0.7,0.57,0.76,NULL
1061834,"abc",603,0.56,0.77,0.6,0.81,0.66,NULL
974106,"abc",602,0.6992,0.65,0.6,0.57,0.74,NULL
1513021,"abc",602,0.76,0.65,0.6,0.81,0.62,NULL
178761,"abc",602,0.7472,0.65,0.6,0.81,0.62,NULL
807258,"abc",602,0.48,0.72,0.7,0.81,0.64,NULL
1049436,"abc",602,0.56,0.77,0.6,0.81,0.66,NULL
658561,"abc",602,0.52,0.65,0.6,0.81,0.74,NULL
557974,"abc",602,0.7216,0.65,0.6,0.81,0.62,NULL
1647262,"abc",602,0.6,0.84,0.7,0.57,0.68,NULL
111815,"abc",602,0.64,0.77,0.6,0.57,0.78,NULL
264923,"abc",602,0.7072,0.65,0.6,0.81,0.56,NULL
1819652,"abc",601,0.76,0.65,0.6,0.81,0.62,NULL
903980,"abc",601,0.6,0.84,0.7,0.57,0.68,NULL
151132,"abc",601,0.56,0.77,0.6,0.81,0.66,NULL
952423,"abc",601,0.5856,0.77,0.6,0.81,0.66,NULL
799343,"abc",601,0.52,0.65,0.6,0.81,0.74,NULL
967620,"abc",601,0.7472,0.65,0.6,0.81,0.62,NULL
1591240,"abc",601,0.8,0.72,0.7,0.57,0.64,NULL
515530,"abc",601,0.6832,0.65,0.6,0.81,0.62,NULL
1765334,"abc",601,0.52,0.65,0.6,0.81,0.74,NULL
807641,"abc",601,0.44,0.72,0.7,0.81,0.58,NULL
917475,"abc",601,0.6,0.84,0.7,0.57,0.68,NULL
1655566,"abc",600,0.56,0.77,0.6,0.81,0.66,NULL
953665,"abc",600,0.56,0.77,0.6,0.81,0.66,NULL
1176492,"abc",600,0.8144,0.77,0.6,0.57,0.6,NULL
173495,"abc",600,0.7088,0.65,0.6,0.81,0.62,NULL
1189829,"abc",600,0.7264,0.77,0.6,0.57,0.66,NULL
893899,"abc",600,0.8144,0.77,0.6,0.57,0.6,NULL
1728227,"abc",600,0.48,0.72,0.7,0.81,0.64,NULL
1729013,"abc",600,0.44,0.72,0.7,0.81,0.58,NULL
130387,"abc",599,0.56,0.77,0.6,0.81,0.66,NULL
1644404,"abc",599,0.48,0.72,0.7,0.81,0.64,NULL
1551229,"abc",599,0.56,0.77,0.6,0.81,0.66,NULL
835725,"abc",599,0.52,0.65,0.6,0.81,0.74,NULL
637598,"abc",599,0.72,0.65,0.6,0.81,0.56,NULL
1660330,"abc",599,0.48,0.72,0.7,0.81,0.64,NULL
562863,"abc",599,0.5808,0.65,0.6,0.81,0.62,NULL
882365,"abc",599,0.6,0.84,0.7,0.57,0.68,NULL
1678785,"abc",599,0.7216,0.65,0.6,0.81,0.62,NULL
1716674,"abc",599,0.48,0.72,0.7,0.81,0.64,NULL
1054916,"abc",599,0.8672,0.77,0.6,0.57,0.66,NULL
527892,"abc",598,0.8272,0.65,0.6,0.57,0.74,NULL
937260,"abc",598,0.6816,0.65,0.6,0.81,0.56,NULL
1213240,"abc",598,0.88,0.77,0.6,0.57,0.66,NULL
685396,"abc",598,0.56,0.72,0.7,0.57,0.76,NULL
439126,"abc",598,0.568,0.65,0.6,0.81,0.62,NULL
886110,"abc",598,0.7648,0.77,0.6,0.57,0.66,NULL
537461,"abc",598,0.52,0.77,0.6,0.81,0.6,NULL
1562356,"abc",598,0.6064,0.65,0.6,0.81,0.62,NULL
777464,"abc",598,0.64,0.77,0.6,0.57,0.78,NULL
1795327,"abc",598,0.5712,0.77,0.6,0.81,0.6,NULL
1577984,"abc",597,0.6,0.84,0.7,0.57,0.68,NULL
966661,"abc",597,0.7072,0.65,0.6,0.81,0.56,NULL
724787,"abc",597,0.64,0.77,0.6,0.57,0.78,NULL
1821754,"abc",597,0.52,0.65,0.6,0.81,0.74,NULL
779099,"abc",597,0.64,0.77,0.6,0.57,0.78,NULL
765040,"abc",597,0.56,0.72,0.7,0.57,0.76,NULL
99280,"abc",597,0.64,0.77,0.6,0.57,0.78,NULL
1664221,"abc",597,0.7088,0.65,0.6,0.81,0.62,NULL
1069304,"abc",597,0.6,0.84,0.7,0.57,0.68,NULL
1300230,"abc",596,0.7744,0.63,0.4,0.81,0.62,NULL
1042089,"abc",596,0.56,0.72,0.7,0.57,0.76,NULL
419285,"abc",596,0.56,0.84,0.7,0.57,0.62,NULL
692479,"abc",596,0.7072,0.65,0.6,0.81,0.56,NULL
552719,"abc",595,0.7472,0.65,0.6,0.81,0.62,NULL
140421,"abc",595,0.52,0.65,0.6,0.81,0.74,NULL
144568,"abc",595,0.7088,0.65,0.6,0.81,0.62,NULL
809186,"abc",595,0.816,0.77,0.6,0.57,0.66,NULL
1612525,"abc",595,0.56,0.77,0.6,0.81,0.66,NULL
1611542,"abc",594,0.76,0.65,0.6,0.81,0.62,NULL
20534,"abc",594,0.656,0.65,0.6,0.81,0.56,NULL
415635,"abc",594,0.52,0.65,0.6,0.81,0.74,NULL
1048993,"abc",594,0.52,0.65,0.6,0.81,0.74,NULL
525500,"abc",594,0.7776,0.77,0.6,0.57,0.66,NULL
902088,"abc",594,0.664,0.84,0.7,0.57,0.68,NULL
436451,"abc",594,0.56,0.77,0.6,0.81,0.66,NULL
731672,"abc",593,0.64,0.77,0.6,0.57,0.78,NULL
919350,"abc",593,0.8544,0.77,0.6,0.57,0.66,NULL
1910099,"abc",593,0.736,0.63,0.4,0.81,0.62,NULL
177789,"abc",593,0.52,0.65,0.6,0.81,0.74,NULL
1640832,"abc",593,0.5936,0.65,0.6,0.81,0.62,NULL
630149,"abc",593,0.52,0.65,0.6,0.81,0.74,NULL
1610379,"abc",593,0.624,0.77,0.6,0.81,0.66,NULL
1794242,"abc",593,0.48,0.72,0.7,0.81,0.64,NULL
232648,"abc",593,0.56,0.72,0.7,0.57,0.76,NULL
100817,"abc",593,0.64,0.77,0.6,0.57,0.78,NULL
943832,"abc",593,0.52,0.65,0.6,0.81,0.74,NULL
1468652,"abc",593,0.8544,0.63,0.4,0.57,0.74,NULL
1675299,"abc",592,0.56,0.77,0.6,0.81,0.66,NULL
1289253,"abc",592,0.7872,0.63,0.4,0.81,0.62,NULL
1677887,"abc",592,0.56,0.77,0.6,0.81,0.66,NULL
142401,"abc",592,0.52,0.65,0.6,0.81,0.74,NULL
1298057,"abc",592,0.7872,0.63,0.4,0.81,0.62,NULL
129691,"abc",592,0.56,0.77,0.6,0.81,0.66,NULL
644797,"abc",592,0.6,0.84,0.7,0.57,0.68,NULL
1718523,"abc",592,0.7744,0.63,0.4,0.81,0.62,NULL
257032,"abc",591,0.48,0.72,0.7,0.81,0.64,NULL
887627,"abc",591,0.6752,0.77,0.6,0.57,0.66,NULL
1597527,"abc",591,0.52,0.65,0.6,0.81,0.74,NULL
1046625,"abc",591,0.56,0.77,0.6,0.81,0.66,NULL
1174389,"abc",591,0.7504,0.65,0.6,0.57,0.74,NULL
564087,"abc",591,0.52,0.65,0.6,0.81,0.74,NULL
1633990,"abc",591,0.7344,0.65,0.6,0.81,0.62,NULL
1637320,"abc",591,0.56,0.77,0.6,0.81,0.66,NULL
1644258,"abc",591,0.48,0.72,0.7,0.81,0.64,NULL
801300,"abc",590,0.6224,0.65,0.6,0.57,0.74,NULL
1665579,"abc",590,0.56,0.77,0.6,0.81,0.66,NULL
249943,"abc",590,0.56,0.77,0.6,0.81,0.66,NULL
1196381,"abc",590,0.6,0.84,0.7,0.57,0.68,NULL
439171,"abc",590,0.56,0.77,0.6,0.81,0.66,NULL
1609414,"abc",590,0.76,0.65,0.6,0.81,0.62,NULL
940241,"abc",590,0.6704,0.65,0.6,0.81,0.62,NULL
1069018,"abc",590,0.6832,0.65,0.6,0.81,0.62,NULL
630756,"abc",590,0.52,0.77,0.6,0.81,0.6,NULL
1669224,"abc",589,0.52,0.65,0.6,0.81,0.74,NULL
114796,"abc",589,0.7264,0.77,0.6,0.57,0.66,NULL
557440,"abc",589,0.48,0.72,0.7,0.81,0.64,NULL
939651,"abc",589,0.6064,0.65,0.6,0.81,0.62,NULL
1377929,"abc",589,0.8,0.63,0.4,0.81,0.62,NULL
21665,"abc",589,0.56,0.77,0.6,0.81,0.66,NULL
767690,"abc",589,0.56,0.72,0.7,0.57,0.76,NULL
1774633,"abc",588,0.48,0.72,0.7,0.81,0.64,NULL
1611053,"abc",588,0.52,0.65,0.6,0.81,0.74,NULL
631864,"abc",588,0.632,0.65,0.6,0.81,0.62,NULL
821077,"abc",588,0.56,0.84,0.7,0.57,0.62,NULL
901010,"abc",588,0.6,0.84,0.7,0.57,0.68,NULL
914603,"abc",588,0.56,0.84,0.7,0.57,0.62,NULL
586680,"abc",588,0.76,0.65,0.6,0.57,0.62,NULL
1196477,"abc",588,0.8032,0.77,0.6,0.57,0.66,NULL
864709,"abc",588,0.52,0.65,0.6,0.81,0.74,NULL
1593033,"abc",588,0.56,0.77,0.6,0.81,0.66,NULL
423882,"abc",588,0.52,0.65,0.6,0.81,0.74,NULL
967172,"abc",587,0.6704,0.65,0.6,0.81,0.62,NULL
630028,"abc",587,0.52,0.65,0.6,0.81,0.74,NULL
1752857,"abc",587,0.52,0.65,0.6,0.81,0.74,NULL
142460,"abc",587,0.52,0.65,0.6,0.81,0.74,NULL
526484,"abc",587,0.64,0.77,0.6,0.57,0.78,NULL
805280,"abc",587,0.64,0.77,0.6,0.57,0.78,NULL
1739765,"abc",587,0.52,0.65,0.6,0.81,0.74,NULL
1339398,"abc",586,0.7104,0.63,0.4,0.81,0.62,NULL
742919,"abc",586,0.7216,0.65,0.6,0.57,0.62,NULL
800779,"abc",586,0.56,0.77,0.6,0.57,0.66,NULL
494620,"abc",586,0.7008,0.77,0.6,0.57,0.66,NULL
501039,"abc",586,0.76,0.65,0.6,0.57,0.62,NULL
937277,"abc",586,0.48,0.72,0.7,0.81,0.64,NULL
771414,"abc",586,0.6,0.84,0.7,0.57,0.68,NULL
1645655,"abc",586,0.6,0.84,0.7,0.57,0.68,NULL
791129,"abc",586,0.7216,0.72,0.7,0.57,0.58,NULL
1341551,"abc",586,0.7872,0.63,0.4,0.81,0.62,NULL
1066119,"abc",586,0.56,0.77,0.6,0.57,0.66,NULL
1551300,"abc",586,0.52,0.65,0.6,0.81,0.74,NULL
1644233,"abc",586,0.56,0.77,0.6,0.81,0.66,NULL
424941,"abc",586,0.52,0.77,0.6,0.81,0.6,NULL
768769,"abc",585,0.7216,0.65,0.6,0.57,0.62,NULL
636184,"abc",585,0.56,0.77,0.6,0.81,0.66,NULL
1182763,"abc",585,0.5808,0.65,0.6,0.81,0.62,NULL
145965,"abc",585,0.52,0.65,0.6,0.81,0.74,NULL
958009,"abc",585,0.56,0.77,0.6,0.81,0.66,NULL
789306,"abc",585,0.64,0.77,0.6,0.57,0.78,NULL
420451,"abc",585,0.712,0.65,0.6,0.57,0.74,NULL
1181805,"abc",585,0.56,0.77,0.6,0.57,0.66,NULL
902510,"abc",585,0.56,0.77,0.6,0.57,0.66,NULL
1179009,"abc",585,0.56,0.77,0.6,0.57,0.66,NULL
1662855,"abc",585,0.5552,0.65,0.6,0.81,0.62,NULL
893321,"abc",585,0.8272,0.77,0.6,0.57,0.6,NULL
1651601,"abc",585,0.48,0.72,0.7,0.81,0.64,NULL
729249,"abc",585,0.64,0.77,0.6,0.57,0.78,NULL
1370583,"abc",585,0.7872,0.63,0.4,0.81,0.62,NULL
171736,"abc",585,0.56,0.77,0.6,0.81,0.66,NULL
1636074,"abc",585,0.52,0.65,0.6,0.81,0.74,NULL
1272836,"abc",584,0.7488,0.63,0.4,0.81,0.62,NULL
113159,"abc",584,0.64,0.77,0.6,0.57,0.78,NULL
1183255,"abc",584,0.64,0.77,0.6,0.57,0.78,NULL
142643,"abc",584,0.52,0.65,0.6,0.81,0.74,NULL
438323,"abc",584,0.52,0.65,0.6,0.81,0.74,NULL
484701,"abc",584,0.56,0.77,0.6,0.57,0.66,NULL
1760906,"abc",584,0.52,0.65,0.6,0.81,0.74,NULL
687055,"abc",584,0.6432,0.65,0.6,0.81,0.56,NULL
1222097,"abc",584,0.6976,0.63,0.4,0.81,0.62,NULL
776660,"abc",584,0.64,0.77,0.6,0.57,0.78,NULL
1355737,"abc",584,0.7344,0.51,0.4,0.81,0.7,NULL
728810,"abc",584,0.84,0.65,0.6,0.57,0.74,NULL
909036,"abc",584,0.56,0.77,0.6,0.57,0.66,NULL
506382,"abc",583,0.8416,0.63,0.4,0.57,0.74,NULL
893456,"abc",583,0.6,0.84,0.7,0.57,0.68,NULL
1824530,"abc",583,0.56,0.63,0.4,0.81,0.74,NULL
1846631,"abc",583,0.7488,0.63,0.4,0.81,0.62,NULL
1353860,"abc",583,0.7488,0.63,0.4,0.81,0.62,NULL
1761502,"abc",583,0.52,0.65,0.6,0.81,0.74,NULL
494324,"abc",583,0.6,0.84,0.7,0.57,0.68,NULL
1727231,"abc",583,0.48,0.72,0.7,0.81,0.64,NULL
1714952,"abc",582,0.48,0.72,0.7,0.81,0.64,NULL
904807,"abc",582,0.5984,0.77,0.6,0.57,0.66,NULL
254354,"abc",582,0.52,0.65,0.6,0.81,0.74,NULL
1662445,"abc",582,0.7088,0.65,0.6,0.81,0.62,NULL
1189624,"abc",582,0.624,0.77,0.6,0.57,0.66,NULL
816936,"abc",581,0.52,0.65,0.6,0.81,0.74,NULL
1702048,"abc",581,0.52,0.65,0.6,0.81,0.74,NULL
953526,"abc",581,0.5168,0.65,0.6,0.81,0.62,NULL
1313992,"abc",581,0.56,0.63,0.4,0.81,0.74,NULL
1752801,"abc",581,0.52,0.65,0.6,0.81,0.74,NULL
131835,"abc",581,0.52,0.65,0.6,0.81,0.74,NULL
434692,"abc",580,0.52,0.65,0.6,0.81,0.74,NULL
19471,"abc",580,0.5536,0.65,0.6,0.81,0.56,NULL
1171480,"abc",580,0.7216,0.72,0.7,0.57,0.58,NULL
578588,"abc",580,0.56,0.63,0.4,0.81,0.74,NULL
1610270,"abc",580,0.52,0.65,0.6,0.81,0.74,NULL
635687,"abc",580,0.52,0.65,0.6,0.81,0.74,NULL
437300,"abc",580,0.44,0.65,0.6,0.81,0.62,NULL
736867,"abc",580,0.56,0.77,0.6,0.57,0.66,NULL
23404,"abc",580,0.6448,0.65,0.6,0.81,0.62,NULL
173167,"abc",580,0.44,0.65,0.6,0.81,0.62,NULL
110201,"abc",580,0.56,0.72,0.7,0.57,0.76,NULL
1725832,"abc",580,0.44,0.65,0.6,0.81,0.62,NULL
107147,"abc",580,0.64,0.77,0.6,0.57,0.78,NULL
563870,"abc",580,0.52,0.65,0.6,0.81,0.74,NULL
741051,"abc",580,0.56,0.72,0.7,0.57,0.76,NULL
1342401,"abc",580,0.56,0.63,0.4,0.81,0.74,NULL
1049046,"abc",580,0.5424,0.65,0.6,0.81,0.62,NULL
421598,"abc",580,0.56,0.72,0.7,0.57,0.76,NULL
586465,"abc",580,0.64,0.77,0.6,0.57,0.78,NULL
688611,"abc",580,0.6048,0.65,0.6,0.81,0.56,NULL
1257960,"abc",580,0.8,0.63,0.4,0.81,0.62,NULL
959468,"abc",580,0.44,0.65,0.6,0.81,0.62,NULL
752637,"abc",580,0.56,0.77,0.6,0.57,0.66,NULL
1589758,"abc",580,0.56,0.72,0.7,0.57,0.76,NULL
1176838,"abc",579,0.776,0.77,0.6,0.57,0.6,NULL
885772,"abc",579,0.64,0.77,0.6,0.57,0.78,NULL
1255706,"abc",579,0.56,0.63,0.4,0.81,0.74,NULL
822311,"abc",579,0.44,0.65,0.6,0.81,0.62,NULL
1611825,"abc",579,0.44,0.65,0.6,0.81,0.62,NULL
1289778,"abc",579,0.56,0.63,0.4,0.81,0.74,NULL
1762916,"abc",579,0.48,0.72,0.7,0.81,0.64,NULL
1065609,"abc",579,0.56,0.77,0.6,0.57,0.66,NULL
687763,"abc",579,0.44,0.65,0.6,0.81,0.62,NULL
936357,"abc",579,0.52,0.65,0.6,0.81,0.74,NULL
1291194,"abc",579,0.56,0.63,0.4,0.81,0.74,NULL
1073358,"abc",579,0.56,0.77,0.6,0.57,0.66,NULL
1645010,"abc",579,0.44,0.65,0.6,0.81,0.62,NULL
124408,"abc",579,0.52,0.65,0.6,0.81,0.74,NULL
641049,"abc",578,0.44,0.65,0.6,0.81,0.62,NULL
437840,"abc",578,0.44,0.65,0.6,0.81,0.62,NULL
1232989,"abc",578,0.56,0.77,0.6,0.57,0.66,NULL
231802,"abc",578,0.6832,0.65,0.6,0.57,0.62,NULL
1058171,"abc",578,0.5856,0.77,0.6,0.57,0.66,NULL
433293,"abc",578,0.44,0.65,0.6,0.81,0.62,NULL
811156,"abc",578,0.52,0.77,0.6,0.81,0.6,NULL
126108,"abc",578,0.44,0.65,0.6,0.81,0.62,NULL
805799,"abc",578,0.52,0.65,0.6,0.81,0.74,NULL
443818,"abc",578,0.56,0.77,0.6,0.57,0.66,NULL
882885,"abc",578,0.56,0.77,0.6,0.57,0.66,NULL
1766872,"abc",578,0.52,0.65,0.6,0.81,0.74,NULL
632286,"abc",578,0.6448,0.65,0.6,0.81,0.62,NULL
171260,"abc",578,0.44,0.65,0.6,0.81,0.62,NULL
1795361,"abc",577,0.52,0.7,0.5,0.81,0.64,NULL
1323046,"abc",577,0.56,0.63,0.4,0.81,0.74,NULL
1045304,"abc",577,0.56,0.72,0.7,0.57,0.76,NULL
736602,"abc",577,0.56,0.77,0.6,0.57,0.66,NULL
791909,"abc",577,0.64,0.77,0.6,0.57,0.78,NULL
1043858,"abc",577,0.648,0.77,0.6,0.57,0.6,NULL
432035,"abc",577,0.56,0.77,0.6,0.57,0.66,NULL
783781,"abc",577,0.56,0.72,0.7,0.57,0.76,NULL
647853,"abc",577,0.5456,0.65,0.6,0.57,0.74,NULL
815544,"abc",577,0.52,0.65,0.6,0.81,0.74,NULL
527559,"abc",577,0.48,0.72,0.7,0.57,0.64,NULL
1663960,"abc",577,0.52,0.77,0.6,0.81,0.6,NULL
1640168,"abc",577,0.44,0.65,0.6,0.81,0.62,NULL
1795049,"abc",577,0.72,0.65,0.6,0.57,0.56,NULL
1512722,"abc",576,0.52,0.65,0.6,0.81,0.74,NULL
1550869,"abc",576,0.5808,0.65,0.6,0.81,0.62,NULL
1312584,"abc",576,0.56,0.63,0.4,0.81,0.74,NULL
806227,"abc",576,0.52,0.65,0.6,0.81,0.74,NULL
100443,"abc",576,0.56,0.72,0.7,0.57,0.76,NULL
798840,"abc",576,0.7376,0.65,0.6,0.57,0.74,NULL
1616506,"abc",576,0.52,0.77,0.6,0.81,0.6,NULL
19338,"abc",576,0.568,0.65,0.6,0.81,0.62,NULL
790157,"abc",576,0.48,0.72,0.7,0.57,0.64,NULL
1653945,"abc",576,0.52,0.65,0.6,0.81,0.74,NULL
106204,"abc",576,0.56,0.77,0.6,0.57,0.66,NULL
1424896,"abc",575,0.56,0.63,0.4,0.81,0.74,NULL
600581,"abc",575,0.76,0.65,0.6,0.57,0.62,NULL
907067,"abc",575,0.5728,0.77,0.6,0.57,0.66,NULL
170575,"abc",575,0.6816,0.65,0.6,0.81,0.56,NULL
146009,"abc",575,0.44,0.65,0.6,0.81,0.62,NULL
1043807,"abc",575,0.56,0.72,0.7,0.57,0.76,NULL
974712,"abc",575,0.7264,0.63,0.4,0.81,0.74,NULL
691366,"abc",575,0.44,0.65,0.6,0.81,0.62,NULL
133085,"abc",575,0.52,0.65,0.6,0.81,0.74,NULL
374281,"abc",574,0.48,0.72,0.7,0.57,0.64,NULL
253712,"abc",574,0.44,0.65,0.6,0.81,0.62,NULL
1752596,"abc",574,0.52,0.65,0.6,0.81,0.74,NULL
1552410,"abc",574,0.656,0.65,0.6,0.81,0.56,NULL
1748564,"abc",574,0.48,0.72,0.7,0.81,0.64,NULL
1467238,"abc",574,0.6688,0.65,0.6,0.81,0.56,NULL
622192,"abc",574,0.6704,0.65,0.6,0.81,0.62,NULL
1184632,"abc",574,0.48,0.72,0.7,0.57,0.64,NULL
1335216,"abc",574,0.7344,0.51,0.4,0.81,0.7,NULL
684210,"abc",574,0.56,0.72,0.7,0.57,0.76,NULL
1043634,"abc",574,0.6608,0.77,0.6,0.57,0.6,NULL
1760192,"abc",574,0.44,0.65,0.6,0.81,0.62,NULL
652245,"abc",574,0.52,0.65,0.6,0.81,0.74,NULL
1260511,"abc",574,0.56,0.63,0.4,0.81,0.74,NULL
390125,"abc",574,0.44,0.65,0.6,0.81,0.62,NULL
371184,"abc",574,0.7472,0.65,0.6,0.57,0.62,NULL
1615093,"abc",574,0.44,0.65,0.6,0.81,0.62,NULL
1712142,"abc",573,0.56,0.63,0.4,0.81,0.74,NULL
1632787,"abc",573,0.44,0.65,0.6,0.81,0.62,NULL
1634857,"abc",573,0.44,0.65,0.6,0.81,0.62,NULL
1382461,"abc",573,0.56,0.63,0.4,0.81,0.74,NULL
836419,"abc",573,0.44,0.65,0.6,0.81,0.62,NULL
1237579,"abc",573,0.672,0.63,0.4,0.81,0.62,NULL
257357,"abc",573,0.52,0.65,0.6,0.81,0.74,NULL
147586,"abc",573,0.52,0.65,0.6,0.81,0.74,NULL
739466,"abc",573,0.52,0.65,0.6,0.57,0.74,NULL
140184,"abc",573,0.44,0.65,0.6,0.81,0.62,NULL
1659552,"abc",573,0.44,0.65,0.6,0.81,0.62,NULL
1229487,"abc",573,0.7344,0.51,0.4,0.81,0.7,NULL
1625779,"abc",573,0.7872,0.63,0.4,0.81,0.62,NULL
583638,"abc",573,0.5856,0.77,0.6,0.57,0.66,NULL
110809,"abc",573,0.7472,0.65,0.6,0.57,0.62,NULL
1324252,"abc",573,0.7216,0.63,0.4,0.81,0.56,NULL
893410,"abc",573,0.56,0.77,0.6,0.57,0.66,NULL
1815800,"abc",573,0.56,0.63,0.4,0.81,0.74,NULL
1237760,"abc",572,0.8,0.63,0.4,0.81,0.62,NULL
526350,"abc",572,0.688,0.77,0.6,0.57,0.66,NULL
1826834,"abc",572,0.88,0.63,0.4,0.57,0.74,NULL
1747247,"abc",572,0.52,0.65,0.6,0.81,0.74,NULL
166776,"abc",572,0.44,0.65,0.6,0.81,0.62,NULL
1207695,"abc",572,0.56,0.63,0.4,0.81,0.74,NULL
1674930,"abc",572,0.44,0.65,0.6,0.81,0.62,NULL
1810881,"abc",572,0.52,0.65,0.6,0.81,0.74,NULL
1069274,"abc",572,0.7008,0.77,0.6,0.57,0.66,NULL
1180124,"abc",572,0.6752,0.77,0.6,0.57,0.66,NULL
1653228,"abc",572,0.4784,0.65,0.6,0.81,0.62,NULL
736808,"abc",571,0.48,0.72,0.7,0.57,0.64,NULL
755497,"abc",571,0.52,0.65,0.6,0.57,0.74,NULL
868434,"abc",571,0.6704,0.65,0.6,0.57,0.62,NULL
1854810,"abc",571,0.56,0.63,0.4,0.81,0.74,NULL
565613,"abc",571,0.44,0.65,0.6,0.81,0.62,NULL
866162,"abc",571,0.56,0.77,0.6,0.57,0.66,NULL
137867,"abc",571,0.52,0.65,0.6,0.81,0.74,NULL
1705113,"abc",571,0.736,0.63,0.4,0.81,0.62,NULL
1056202,"abc",571,0.56,0.77,0.6,0.57,0.66,NULL
123690,"abc",570,0.52,0.65,0.6,0.81,0.74,NULL
627756,"abc",570,0.7392,0.63,0.4,0.57,0.74,NULL
603980,"abc",570,0.56,0.63,0.4,0.81,0.74,NULL
764245,"abc",570,0.52,0.65,0.6,0.57,0.74,NULL
938342,"abc",570,0.44,0.65,0.6,0.81,0.62,NULL
986255,"abc",570,0.52,0.65,0.6,0.81,0.74,NULL
1690797,"abc",570,0.56,0.63,0.4,0.81,0.74,NULL
689587,"abc",570,0.52,0.65,0.6,0.81,0.74,NULL
1781695,"abc",570,0.6368,0.77,0.6,0.57,0.66,NULL
432066,"abc",570,0.44,0.65,0.6,0.81,0.62,NULL
1868484,"abc",570,0.7344,0.51,0.4,0.81,0.7,NULL
1270487,"abc",570,0.6848,0.63,0.4,0.81,0.62,NULL
1185498,"abc",570,0.7088,0.65,0.6,0.57,0.62,NULL
558814,"abc",570,0.44,0.65,0.6,0.81,0.62,NULL
607472,"abc",570,0.44,0.65,0.6,0.81,0.62,NULL
190220,"abc",569,0.56,0.77,0.6,0.57,0.66,NULL
1644303,"abc",569,0.44,0.65,0.6,0.81,0.62,NULL
549147,"abc",569,0.608,0.72,0.7,0.57,0.64,NULL
1783333,"abc",569,0.52,0.65,0.6,0.81,0.74,NULL
632365,"abc",569,0.52,0.65,0.6,0.81,0.74,NULL
416822,"abc",569,0.44,0.65,0.6,0.81,0.62,NULL
143159,"abc",569,0.44,0.65,0.6,0.81,0.62,NULL
940615,"abc",569,0.44,0.65,0.6,0.81,0.62,NULL
768078,"abc",569,0.56,0.77,0.6,0.57,0.66,NULL
168783,"abc",569,0.44,0.65,0.6,0.81,0.62,NULL
255894,"abc",569,0.52,0.65,0.6,0.81,0.74,NULL
147098,"abc",569,0.44,0.65,0.6,0.81,0.62,NULL
688284,"abc",569,0.44,0.65,0.6,0.81,0.62,NULL
689579,"abc",569,0.44,0.65,0.6,0.81,0.62,NULL
1780936,"abc",569,0.44,0.65,0.6,0.81,0.62,NULL
191581,"abc",568,0.6816,0.65,0.6,0.57,0.56,NULL
887924,"abc",568,0.56,0.77,0.6,0.57,0.66,NULL
1380987,"abc",568,0.56,0.63,0.4,0.81,0.74,NULL
883855,"abc",568,0.52,0.65,0.6,0.57,0.74,NULL
127892,"abc",568,0.44,0.65,0.6,0.81,0.62,NULL
504725,"abc",568,0.5584,0.77,0.6,0.57,0.6,NULL
819130,"abc",568,0.56,0.63,0.4,0.81,0.74,NULL
1212864,"abc",568,0.6224,0.77,0.6,0.57,0.6,NULL
1578473,"abc",568,0.6944,0.65,0.6,0.57,0.56,NULL
1671928,"abc",568,0.44,0.65,0.6,0.81,0.62,NULL
808733,"abc",567,0.4928,0.72,0.7,0.57,0.64,NULL
1688612,"abc",567,0.56,0.63,0.4,0.81,0.74,NULL
767281,"abc",567,0.56,0.72,0.7,0.57,0.76,NULL
1834828,"abc",567,0.44,0.65,0.6,0.81,0.62,NULL
1632896,"abc",567,0.52,0.77,0.6,0.81,0.6,NULL
1783993,"abc",567,0.44,0.72,0.7,0.81,0.58,NULL
759234,"abc",567,0.6832,0.65,0.6,0.57,0.62,NULL
1826014,"abc",567,0.44,0.65,0.6,0.81,0.62,NULL
260835,"abc",567,0.44,0.65,0.6,0.81,0.62,NULL
532463,"abc",567,0.52,0.65,0.6,0.57,0.74,NULL
757532,"abc",566,0.52,0.65,0.6,0.57,0.74,NULL
897354,"abc",566,0.56,0.77,0.6,0.57,0.66,NULL
1365364,"abc",566,0.5952,0.63,0.4,0.81,0.62,NULL
1301114,"abc",566,0.7088,0.63,0.4,0.81,0.56,NULL
886937,"abc",566,0.52,0.65,0.6,0.57,0.74,NULL
809890,"abc",566,0.6208,0.72,0.7,0.57,0.64,NULL
984751,"abc",566,0.44,0.65,0.6,0.81,0.62,NULL
1285820,"abc",566,0.6336,0.63,0.4,0.81,0.62,NULL
21720,"abc",566,0.6688,0.65,0.6,0.81,0.56,NULL
767456,"abc",566,0.52,0.65,0.6,0.57,0.74,NULL
937960,"abc",566,0.44,0.65,0.6,0.81,0.62,NULL
1774062,"abc",566,0.44,0.65,0.6,0.81,0.62,NULL
1761018,"abc",566,0.44,0.65,0.6,0.81,0.62,NULL
132352,"abc",565,0.44,0.65,0.6,0.81,0.62,NULL
1267981,"abc",565,0.56,0.63,0.4,0.81,0.74,NULL
1203490,"abc",565,0.56,0.63,0.4,0.81,0.74,NULL
766011,"abc",565,0.52,0.65,0.6,0.57,0.74,NULL
1557057,"abc",565,0.6192,0.51,0.4,0.81,0.7,NULL
1324360,"abc",565,0.56,0.63,0.4,0.81,0.74,NULL
1185632,"abc",565,0.52,0.77,0.6,0.57,0.6,NULL
1783145,"abc",565,0.56,0.77,0.6,0.57,0.66,NULL
1203594,"abc",565,0.56,0.63,0.4,0.81,0.74,NULL
1208463,"abc",565,0.52,0.77,0.6,0.57,0.6,NULL
1603834,"abc",565,0.7472,0.63,0.4,0.81,0.56,NULL
1183488,"abc",564,0.6576,0.65,0.6,0.57,0.62,NULL
762121,"abc",564,0.52,0.65,0.6,0.57,0.74,NULL
1308708,"abc",564,0.6592,0.63,0.4,0.81,0.62,NULL
1597255,"abc",564,0.44,0.65,0.6,0.81,0.62,NULL
1172573,"abc",564,0.56,0.77,0.6,0.57,0.66,NULL
432478,"abc",564,0.6624,0.77,0.6,0.57,0.66,NULL
741489,"abc",564,0.56,0.77,0.6,0.57,0.66,NULL
150661,"abc",564,0.44,0.65,0.6,0.81,0.62,NULL
937861,"abc",564,0.44,0.72,0.7,0.81,0.58,NULL
931738,"abc",564,0.56,0.77,0.6,0.57,0.66,NULL
437415,"abc",564,0.44,0.65,0.6,0.81,0.62,NULL
724917,"abc",564,0.52,0.65,0.6,0.57,0.74,NULL
1164234,"abc",564,0.8032,0.63,0.4,0.57,0.74,NULL
530975,"abc",563,0.56,0.77,0.6,0.57,0.66,NULL
633152,"abc",563,0.44,0.65,0.6,0.81,0.62,NULL
1433414,"abc",563,0.696,0.51,0.4,0.81,0.7,NULL
803439,"abc",563,0.696,0.65,0.6,0.57,0.62,NULL
1357423,"abc",563,0.56,0.63,0.4,0.81,0.74,NULL
232084,"abc",563,0.6576,0.65,0.6,0.57,0.62,NULL
768427,"abc",563,0.56,0.77,0.6,0.57,0.66,NULL
1320384,"abc",563,0.7216,0.51,0.4,0.81,0.7,NULL
110821,"abc",563,0.6448,0.65,0.6,0.57,0.62,NULL
764904,"abc",563,0.56,0.77,0.6,0.57,0.66,NULL
1391088,"abc",563,0.8,0.63,0.4,0.57,0.62,NULL
1384184,"abc",563,0.56,0.63,0.4,0.81,0.74,NULL
747543,"abc",562,0.48,0.72,0.7,0.57,0.64,NULL
1176615,"abc",562,0.6224,0.77,0.6,0.57,0.6,NULL
988742,"abc",562,0.8288,0.63,0.4,0.57,0.74,NULL
635468,"abc",562,0.6304,0.65,0.6,0.81,0.56,NULL
1300827,"abc",562,0.7872,0.63,0.4,0.81,0.62,NULL
521059,"abc",562,0.7072,0.65,0.6,0.57,0.56,NULL
1046133,"abc",562,0.52,0.77,0.6,0.57,0.6,NULL
1674397,"abc",562,0.44,0.65,0.6,0.81,0.62,NULL
253871,"abc",562,0.44,0.65,0.6,0.81,0.62,NULL
1722039,"abc",562,0.44,0.65,0.6,0.81,0.62,NULL
1814724,"abc",562,0.56,0.63,0.4,0.81,0.74,NULL
1266388,"abc",562,0.7872,0.63,0.4,0.81,0.62,NULL
749277,"abc",562,0.52,0.65,0.6,0.57,0.74,NULL
1364710,"abc",562,0.56,0.63,0.4,0.81,0.74,NULL
632039,"abc",562,0.44,0.65,0.6,0.81,0.62,NULL
131825,"abc",562,0.44,0.65,0.6,0.81,0.62,NULL
1756658,"abc",562,0.44,0.65,0.6,0.81,0.62,NULL
1313040,"abc",561,0.56,0.63,0.4,0.81,0.74,NULL
437280,"abc",561,0.5808,0.65,0.6,0.81,0.62,NULL
125728,"abc",561,0.44,0.65,0.6,0.81,0.62,NULL
108845,"abc",561,0.56,0.77,0.6,0.57,0.66,NULL
1787440,"abc",561,0.7872,0.63,0.4,0.57,0.62,NULL
106068,"abc",561,0.56,0.77,0.6,0.57,0.66,NULL
936048,"abc",561,0.44,0.65,0.6,0.81,0.62,NULL
1720946,"abc",561,0.4,0.65,0.6,0.81,0.56,NULL
934836,"abc",561,0.4,0.65,0.6,0.81,0.56,NULL
1357530,"abc",561,0.56,0.63,0.4,0.81,0.74,NULL
1690096,"abc",561,0.6336,0.63,0.4,0.81,0.62,NULL
600049,"abc",561,0.7472,0.65,0.6,0.57,0.62,NULL
914673,"abc",561,0.56,0.77,0.6,0.57,0.66,NULL
1724156,"abc",561,0.4,0.65,0.6,0.81,0.56,NULL
105495,"abc",560,0.7472,0.65,0.6,0.57,0.62,NULL
1616407,"abc",560,0.4,0.65,0.6,0.81,0.56,NULL
436566,"abc",560,0.44,0.65,0.6,0.81,0.62,NULL
1225052,"abc",560,0.6064,0.51,0.4,0.81,0.7,NULL
1678690,"abc",560,0.44,0.65,0.6,0.81,0.62,NULL
1565031,"abc",560,0.44,0.65,0.6,0.81,0.62,NULL
796016,"abc",560,0.52,0.65,0.6,0.57,0.74,NULL
1411200,"abc",560,0.56,0.63,0.4,0.81,0.74,NULL
142216,"abc",560,0.44,0.65,0.6,0.81,0.62,NULL
1361847,"abc",560,0.696,0.63,0.4,0.81,0.56,NULL
879829,"abc",560,0.56,0.77,0.6,0.57,0.66,NULL
1187550,"abc",560,0.5936,0.65,0.6,0.57,0.62,NULL
421854,"abc",560,0.44,0.65,0.6,0.81,0.62,NULL
1673963,"abc",560,0.4,0.65,0.6,0.81,0.56,NULL
759075,"abc",559,0.52,0.65,0.6,0.57,0.74,NULL
871486,"abc",559,0.48,0.72,0.7,0.57,0.64,NULL
959316,"abc",559,0.44,0.65,0.6,0.81,0.62,NULL
525240,"abc",559,0.56,0.77,0.6,0.57,0.66,NULL
1066196,"abc",559,0.56,0.77,0.6,0.57,0.66,NULL
1184233,"abc",559,0.52,0.77,0.6,0.57,0.6,NULL
588792,"abc",559,0.52,0.65,0.6,0.57,0.74,NULL
1368569,"abc",559,0.56,0.63,0.4,0.81,0.74,NULL
1262079,"abc",559,0.56,0.63,0.4,0.81,0.74,NULL
1342209,"abc",558,0.7104,0.63,0.4,0.81,0.62,NULL
1040930,"abc",558,0.56,0.63,0.4,0.81,0.74,NULL
902703,"abc",558,0.56,0.77,0.6,0.57,0.66,NULL
481076,"abc",558,0.76,0.51,0.4,0.81,0.7,NULL
1053517,"abc",558,0.56,0.77,0.6,0.57,0.66,NULL
587853,"abc",558,0.52,0.65,0.6,0.57,0.74,NULL
1638992,"abc",558,0.44,0.65,0.6,0.81,0.62,NULL
191337,"abc",558,0.648,0.65,0.6,0.57,0.74,NULL
909162,"abc",558,0.56,0.77,0.6,0.57,0.66,NULL
1749102,"abc",558,0.44,0.65,0.6,0.81,0.62,NULL
732332,"abc",558,0.52,0.65,0.6,0.57,0.74,NULL
902340,"abc",558,0.52,0.77,0.6,0.57,0.6,NULL
744392,"abc",558,0.52,0.65,0.6,0.57,0.74,NULL
222417,"abc",558,0.6752,0.63,0.4,0.57,0.74,NULL
987623,"abc",558,0.5936,0.51,0.4,0.81,0.7,NULL
634911,"abc",557,0.44,0.65,0.6,0.81,0.62,NULL
889642,"abc",557,0.56,0.77,0.6,0.57,0.66,NULL
1221689,"abc",557,0.44,0.65,0.6,0.81,0.62,NULL
1219658,"abc",557,0.56,0.63,0.4,0.81,0.74,NULL
171339,"abc",557,0.44,0.65,0.6,0.81,0.62,NULL
1392718,"abc",557,0.7904,0.63,0.4,0.57,0.74,NULL
1187926,"abc",557,0.56,0.77,0.6,0.57,0.66,NULL
1723748,"abc",557,0.4,0.65,0.6,0.81,0.56,NULL
762476,"abc",557,0.76,0.65,0.6,0.57,0.62,NULL
795782,"abc",557,0.696,0.65,0.6,0.57,0.62,NULL
962232,"abc",557,0.44,0.65,0.6,0.81,0.62,NULL
1658606,"abc",557,0.44,0.65,0.6,0.81,0.62,NULL
1588478,"abc",557,0.48,0.72,0.7,0.57,0.64,NULL
150026,"abc",556,0.44,0.65,0.6,0.81,0.62,NULL
1319442,"abc",556,0.56,0.63,0.4,0.81,0.74,NULL
133425,"abc",556,0.44,0.65,0.6,0.81,0.62,NULL
1512756,"abc",556,0.44,0.65,0.6,0.81,0.62,NULL
433480,"abc",556,0.44,0.65,0.6,0.81,0.62,NULL
1264999,"abc",556,0.56,0.63,0.4,0.81,0.74,NULL
194965,"abc",556,0.6048,0.65,0.6,0.57,0.56,NULL
606364,"abc",556,0.6704,0.51,0.4,0.81,0.7,NULL
1514150,"abc",556,0.44,0.65,0.6,0.81,0.62,NULL
780781,"abc",556,0.56,0.77,0.6,0.57,0.66,NULL
1652728,"abc",556,0.5424,0.65,0.6,0.57,0.62,NULL
837247,"abc",555,0.44,0.65,0.6,0.81,0.62,NULL
743057,"abc",555,0.7088,0.65,0.6,0.57,0.62,NULL
1388216,"abc",555,0.56,0.63,0.4,0.81,0.74,NULL
1239488,"abc",555,0.736,0.63,0.4,0.81,0.62,NULL
891590,"abc",555,0.56,0.77,0.6,0.57,0.66,NULL
1339592,"abc",555,0.5312,0.63,0.4,0.81,0.62,NULL
1609676,"abc",555,0.504,0.65,0.6,0.81,0.62,NULL
1322207,"abc",555,0.7216,0.51,0.4,0.81,0.7,NULL
1552868,"abc",555,0.44,0.65,0.6,0.81,0.62,NULL
1407269,"abc",554,0.6672,0.51,0.4,0.81,0.58,NULL
260150,"abc",554,0.44,0.65,0.6,0.81,0.62,NULL
376920,"abc",554,0.7344,0.65,0.6,0.57,0.62,NULL
769645,"abc",554,0.56,0.77,0.6,0.57,0.66,NULL
127370,"abc",554,0.44,0.65,0.6,0.81,0.62,NULL
594071,"abc",554,0.6704,0.65,0.6,0.57,0.62,NULL
596906,"abc",554,0.696,0.65,0.6,0.57,0.62,NULL
819145,"abc",554,0.672,0.63,0.4,0.81,0.62,NULL
1370838,"abc",554,0.56,0.63,0.4,0.81,0.74,NULL
745696,"abc",554,0.52,0.65,0.6,0.57,0.74,NULL
894690,"abc",554,0.48,0.72,0.7,0.57,0.64,NULL
883200,"abc",553,0.5728,0.77,0.6,0.57,0.66,NULL
1597195,"abc",553,0.44,0.65,0.6,0.81,0.62,NULL
140385,"abc",553,0.44,0.65,0.6,0.81,0.62,NULL
1048961,"abc",553,0.44,0.65,0.6,0.81,0.62,NULL
1267099,"abc",553,0.56,0.63,0.4,0.81,0.74,NULL
424379,"abc",553,0.44,0.65,0.6,0.81,0.62,NULL
1302716,"abc",553,0.7104,0.63,0.4,0.81,0.62,NULL
1509572,"abc",553,0.6208,0.63,0.4,0.81,0.62,NULL
440263,"abc",553,0.8,0.63,0.4,0.57,0.62,NULL
1172936,"abc",553,0.48,0.72,0.7,0.57,0.64,NULL
124165,"abc",552,0.44,0.65,0.6,0.81,0.62,NULL
689683,"abc",552,0.44,0.65,0.6,0.81,0.62,NULL
482596,"abc",552,0.52,0.77,0.6,0.57,0.6,NULL
1636407,"abc",552,0.44,0.65,0.6,0.81,0.62,NULL
593208,"abc",552,0.6096,0.65,0.6,0.57,0.74,NULL
1314363,"abc",552,0.56,0.63,0.4,0.81,0.74,NULL
396882,"abc",552,0.6672,0.51,0.4,0.81,0.58,NULL
436574,"abc",552,0.44,0.65,0.6,0.81,0.62,NULL
771692,"abc",552,0.76,0.65,0.6,0.57,0.62,NULL
606579,"abc",552,0.44,0.65,0.6,0.81,0.62,NULL
1073268,"abc",552,0.8672,0.63,0.4,0.57,0.74,NULL
138105,"abc",552,0.44,0.65,0.6,0.81,0.62,NULL
1225117,"abc",552,0.6672,0.51,0.4,0.81,0.58,NULL
782011,"abc",552,0.76,0.65,0.6,0.57,0.62,NULL
636645,"abc",552,0.48,0.72,0.7,0.57,0.64,NULL
1585927,"abc",551,0.48,0.72,0.7,0.57,0.64,NULL
1610763,"abc",551,0.4784,0.65,0.6,0.81,0.62,NULL
1178953,"abc",551,0.7216,0.65,0.6,0.57,0.62,NULL
812116,"abc",551,0.68,0.51,0.4,0.81,0.58,NULL
585855,"abc",551,0.56,0.77,0.6,0.57,0.66,NULL
501126,"abc",551,0.56,0.77,0.6,0.57,0.66,NULL
459938,"abc",551,0.7744,0.63,0.4,0.57,0.62,NULL
919477,"abc",551,0.52,0.65,0.6,0.57,0.74,NULL
264121,"abc",551,0.44,0.65,0.6,0.81,0.62,NULL
552643,"abc",551,0.44,0.65,0.6,0.81,0.62,NULL
1174223,"abc",551,0.56,0.77,0.6,0.57,0.66,NULL
110301,"abc",551,0.6944,0.65,0.6,0.57,0.56,NULL
1548824,"abc",550,0.44,0.65,0.6,0.81,0.62,NULL
725822,"abc",550,0.52,0.65,0.6,0.57,0.74,NULL
725607,"abc",550,0.44,0.72,0.7,0.57,0.58,NULL
414606,"abc",550,0.7616,0.63,0.4,0.57,0.62,NULL
1593247,"abc",550,0.44,0.65,0.6,0.81,0.62,NULL
99015,"abc",550,0.52,0.65,0.6,0.57,0.74,NULL
174039,"abc",550,0.44,0.65,0.6,0.81,0.62,NULL
1288947,"abc",550,0.6976,0.63,0.4,0.81,0.62,NULL
982125,"abc",549,0.44,0.65,0.6,0.81,0.62,NULL
1386372,"abc",549,0.544,0.63,0.4,0.81,0.62,NULL
1199757,"abc",549,0.48,0.63,0.4,0.81,0.62,NULL
1222808,"abc",549,0.6544,0.51,0.4,0.81,0.58,NULL
415144,"abc",549,0.7392,0.63,0.4,0.57,0.74,NULL
727722,"abc",549,0.52,0.65,0.6,0.57,0.74,NULL
594091,"abc",549,0.56,0.77,0.6,0.57,0.66,NULL
431862,"abc",549,0.44,0.65,0.6,0.81,0.62,NULL
690690,"abc",548,0.44,0.65,0.6,0.81,0.62,NULL
1059095,"abc",548,0.52,0.65,0.6,0.57,0.74,NULL
581197,"abc",548,0.44,0.65,0.6,0.81,0.62,NULL
592721,"abc",548,0.52,0.65,0.6,0.57,0.74,NULL
605034,"abc",548,0.4,0.65,0.6,0.81,0.56,NULL
1687669,"abc",548,0.48,0.63,0.4,0.81,0.62,NULL
599175,"abc",548,0.5936,0.65,0.6,0.57,0.62,NULL
606626,"abc",548,0.4,0.65,0.6,0.81,0.56,NULL
1750729,"abc",548,0.44,0.65,0.6,0.81,0.62,NULL
1343763,"abc",547,0.48,0.63,0.4,0.81,0.62,NULL
914995,"abc",547,0.52,0.77,0.6,0.57,0.6,NULL
890694,"abc",547,0.56,0.77,0.6,0.57,0.66,NULL
760402,"abc",547,0.52,0.65,0.6,0.57,0.74,NULL
1176424,"abc",547,0.632,0.65,0.6,0.57,0.62,NULL
1512828,"abc",547,0.44,0.65,0.6,0.81,0.62,NULL
1675902,"abc",547,0.44,0.65,0.6,0.81,0.62,NULL
837523,"abc",547,0.48,0.63,0.4,0.81,0.62,NULL
612788,"abc",547,0.7472,0.51,0.4,0.57,0.7,NULL
802232,"abc",547,0.6832,0.65,0.6,0.57,0.62,NULL
757445,"abc",547,0.6304,0.65,0.6,0.57,0.56,NULL
1331150,"abc",547,0.48,0.63,0.4,0.81,0.62,NULL
437498,"abc",547,0.44,0.65,0.6,0.81,0.62,NULL
1832744,"abc",546,0.44,0.65,0.6,0.81,0.62,NULL
983851,"abc",546,0.56,0.63,0.4,0.81,0.74,NULL
1359406,"abc",546,0.4928,0.63,0.4,0.81,0.62,NULL
1075025,"abc",546,0.4,0.65,0.6,0.81,0.56,NULL
192850,"abc",546,0.52,0.65,0.6,0.57,0.74,NULL
812693,"abc",546,0.7088,0.65,0.6,0.57,0.62,NULL
1334168,"abc",546,0.6544,0.51,0.4,0.81,0.58,NULL
1312153,"abc",546,0.56,0.63,0.4,0.81,0.74,NULL
795802,"abc",546,0.5552,0.65,0.6,0.57,0.62,NULL
1199276,"abc",546,0.56,0.63,0.4,0.81,0.74,NULL
518332,"abc",546,0.7872,0.63,0.4,0.57,0.62,NULL
793030,"abc",546,0.56,0.77,0.6,0.57,0.66,NULL
1452241,"abc",546,0.8,0.63,0.4,0.57,0.62,NULL
1837024,"abc",546,0.7744,0.63,0.4,0.57,0.62,NULL
447987,"abc",546,0.7904,0.63,0.4,0.57,0.74,NULL
1285162,"abc",545,0.4928,0.63,0.4,0.81,0.62,NULL
1102123,"abc",545,0.7872,0.63,0.4,0.57,0.62,NULL
20784,"abc",545,0.4256,0.65,0.6,0.81,0.56,NULL
1317943,"abc",545,0.56,0.63,0.4,0.81,0.74,NULL
688453,"abc",545,0.4912,0.65,0.6,0.81,0.62,NULL
1534295,"abc",545,0.76,0.51,0.4,0.57,0.7,NULL
811877,"abc",545,0.68,0.51,0.4,0.81,0.58,NULL
1687929,"abc",545,0.48,0.63,0.4,0.81,0.62,NULL
1063302,"abc",545,0.4,0.65,0.6,0.81,0.56,NULL
1387416,"abc",545,0.48,0.63,0.4,0.81,0.62,NULL
830366,"abc",545,0.44,0.65,0.6,0.81,0.62,NULL
148131,"abc",545,0.44,0.65,0.6,0.81,0.62,NULL
974501,"abc",545,0.52,0.65,0.6,0.57,0.74,NULL
1708467,"abc",545,0.7216,0.51,0.4,0.81,0.7,NULL
1313985,"abc",545,0.6976,0.63,0.4,0.81,0.62,NULL
124113,"abc",545,0.44,0.65,0.6,0.81,0.62,NULL
1194197,"abc",545,0.52,0.77,0.6,0.57,0.6,NULL
1761326,"abc",544,0.44,0.65,0.6,0.81,0.62,NULL
1051458,"abc",544,0.4,0.65,0.6,0.81,0.56,NULL
901955,"abc",544,0.48,0.72,0.7,0.57,0.64,NULL
193616,"abc",544,0.696,0.65,0.6,0.57,0.62,NULL
1249410,"abc",544,0.48,0.63,0.4,0.81,0.62,NULL
901253,"abc",544,0.504,0.65,0.6,0.57,0.62,NULL
911502,"abc",544,0.56,0.77,0.6,0.57,0.66,NULL
742803,"abc",544,0.56,0.77,0.6,0.57,0.66,NULL
887222,"abc",544,0.52,0.65,0.6,0.57,0.74,NULL
1778379,"abc",544,0.8,0.63,0.4,0.57,0.62,NULL
549340,"abc",544,0.56,0.77,0.6,0.57,0.66,NULL
128760,"abc",544,0.44,0.65,0.6,0.81,0.62,NULL
113413,"abc",543,0.696,0.65,0.6,0.57,0.62,NULL
1021464,"abc",543,0.7616,0.63,0.4,0.57,0.62,NULL
232738,"abc",543,0.56,0.77,0.6,0.57,0.66,NULL
175970,"abc",543,0.44,0.65,0.6,0.81,0.62,NULL
1334630,"abc",543,0.5312,0.63,0.4,0.81,0.62,NULL
1306987,"abc",543,0.48,0.63,0.4,0.81,0.62,NULL
1224877,"abc",543,0.56,0.63,0.4,0.81,0.74,NULL
112046,"abc",543,0.48,0.72,0.7,0.57,0.64,NULL
1041353,"abc",543,0.48,0.63,0.4,0.81,0.62,NULL
1336530,"abc",543,0.56,0.63,0.4,0.81,0.74,NULL
146656,"abc",543,0.44,0.65,0.6,0.81,0.62,NULL
638964,"abc",543,0.56,0.77,0.6,0.57,0.66,NULL
1582364,"abc",542,0.52,0.65,0.6,0.57,0.74,NULL
570439,"abc",542,0.6288,0.51,0.4,0.81,0.58,NULL
1237860,"abc",542,0.6576,0.51,0.4,0.81,0.7,NULL
872841,"abc",542,0.56,0.77,0.6,0.57,0.66,NULL
1067147,"abc",542,0.52,0.77,0.6,0.57,0.6,NULL
1474450,"abc",542,0.56,0.63,0.4,0.57,0.74,NULL
1004702,"abc",542,0.7216,0.51,0.4,0.57,0.7,NULL
1180591,"abc",542,0.52,0.65,0.6,0.57,0.74,NULL
1731759,"abc",542,0.56,0.63,0.4,0.57,0.74,NULL
789434,"abc",542,0.6304,0.65,0.6,0.57,0.56,NULL
1214908,"abc",542,0.5952,0.63,0.4,0.81,0.62,NULL
1676223,"abc",542,0.44,0.65,0.6,0.81,0.62,NULL
1671370,"abc",542,0.44,0.65,0.6,0.81,0.62,NULL
896976,"abc",542,0.56,0.77,0.6,0.57,0.66,NULL
1258450,"abc",542,0.6416,0.51,0.4,0.81,0.58,NULL
1695968,"abc",542,0.48,0.63,0.4,0.81,0.62,NULL
1169479,"abc",541,0.52,0.77,0.6,0.57,0.6,NULL
772431,"abc",541,0.52,0.65,0.6,0.57,0.74,NULL
928353,"abc",541,0.8,0.63,0.4,0.57,0.62,NULL
1129068,"abc",541,0.56,0.63,0.4,0.57,0.74,NULL
1252210,"abc",541,0.48,0.63,0.4,0.81,0.62,NULL
771188,"abc",541,0.52,0.77,0.6,0.57,0.6,NULL
170140,"abc",541,0.44,0.65,0.6,0.81,0.62,NULL
1604559,"abc",541,0.48,0.63,0.4,0.81,0.62,NULL
1221586,"abc",541,0.616,0.51,0.4,0.81,0.58,NULL
140761,"abc",541,0.44,0.65,0.6,0.81,0.62,NULL
1615337,"abc",541,0.4,0.65,0.6,0.81,0.56,NULL
1346302,"abc",541,0.48,0.63,0.4,0.81,0.62,NULL
526868,"abc",540,0.52,0.65,0.6,0.57,0.74,NULL
1076551,"abc",540,0.7488,0.63,0.4,0.57,0.62,NULL
793423,"abc",540,0.592,0.65,0.6,0.57,0.56,NULL
1403471,"abc",540,0.56,0.63,0.4,0.57,0.74,NULL
1307235,"abc",540,0.6544,0.51,0.4,0.81,0.58,NULL
1087094,"abc",540,0.56,0.63,0.4,0.57,0.74,NULL
1666197,"abc",540,0.44,0.65,0.6,0.81,0.62,NULL
1698719,"abc",540,0.6192,0.63,0.4,0.81,0.56,NULL
906415,"abc",540,0.48,0.72,0.7,0.57,0.64,NULL
216261,"abc",540,0.7488,0.63,0.4,0.57,0.62,NULL
173850,"abc",539,0.44,0.65,0.6,0.81,0.62,NULL
1214015,"abc",539,0.48,0.63,0.4,0.81,0.62,NULL
910400,"abc",539,0.44,0.65,0.6,0.57,0.62,NULL
1292625,"abc",539,0.48,0.63,0.4,0.81,0.62,NULL
641624,"abc",539,0.6448,0.51,0.4,0.81,0.7,NULL
1366878,"abc",539,0.48,0.63,0.4,0.81,0.62,NULL
1004416,"abc",539,0.56,0.63,0.4,0.57,0.74,NULL
427145,"abc",539,0.44,0.65,0.6,0.57,0.62,NULL
718226,"abc",539,0.56,0.63,0.4,0.57,0.74,NULL
1215134,"abc",539,0.48,0.63,0.4,0.81,0.62,NULL
425121,"abc",539,0.44,0.65,0.6,0.81,0.62,NULL
1106338,"abc",539,0.56,0.63,0.4,0.57,0.74,NULL
732326,"abc",539,0.44,0.65,0.6,0.57,0.62,NULL
1690534,"abc",539,0.56,0.63,0.4,0.81,0.74,NULL
969142,"abc",539,0.7872,0.63,0.4,0.57,0.62,NULL
421304,"abc",539,0.44,0.65,0.6,0.81,0.62,NULL
1169341,"abc",539,0.656,0.65,0.6,0.57,0.56,NULL
1591487,"abc",539,0.44,0.65,0.6,0.57,0.62,NULL
